<?xml version="1.0" encoding="UTF-8"?>
<configurationDescriptor version="95">
  <logicalFolder name="root" displayName="root" projectFiles="true" kind="ROOT">
    <logicalFolder name="HeaderFiles"
                   displayName="Header Files"
                   projectFiles="true">
      <itemPath>Date.h</itemPath>
      <itemPath>DayOfYear.h</itemPath>
      <itemPath>Employee.h</itemPath>
      <itemPath>FeetInches.h</itemPath>
      <itemPath>LandTract.h</itemPath>
      <itemPath>NumDays.h</itemPath>
      <itemPath>Payroll.h</itemPath>
      <itemPath>PersonalInfo.h</itemPath>
      <itemPath>Widget.h</itemPath>
    </logicalFolder>
    <logicalFolder name="ResourceFiles"
                   displayName="Resource Files"
                   projectFiles="true">
    </logicalFolder>
    <logicalFolder name="SourceFiles"
                   displayName="Source Files"
                   projectFiles="true">
      <itemPath>Date.cpp</itemPath>
      <itemPath>DayOfYear.cpp</itemPath>
      <itemPath>Employee.cpp</itemPath>
      <itemPath>FeetInches.cpp</itemPath>
      <itemPath>LandTract.cpp</itemPath>
      <itemPath>NumDays.cpp</itemPath>
      <itemPath>Payroll.cpp</itemPath>
      <itemPath>PersonalInfo.cpp</itemPath>
      <itemPath>Widget.cpp</itemPath>
      <itemPath>main.cpp</itemPath>
    </logicalFolder>
    <logicalFolder name="TestFiles"
                   displayName="Test Files"
                   projectFiles="false"
                   kind="TEST_LOGICAL_FOLDER">
    </logicalFolder>
    <logicalFolder name="ExternalFiles"
                   displayName="Important Files"
                   projectFiles="false"
                   kind="IMPORTANT_FILES_FOLDER">
      <itemPath>Makefile</itemPath>
    </logicalFolder>
  </logicalFolder>
  <projectmakefile>Makefile</projectmakefile>
  <confs>
    <conf name="Debug" type="1">
      <toolsSet>
        <compilerSet>default</compilerSet>
        <dependencyChecking>true</dependencyChecking>
        <rebuildPropChanged>false</rebuildPropChanged>
      </toolsSet>
      <compileType>
      </compileType>
      <item path="Date.cpp" ex="false" tool="1" flavor2="0">
      </item>
      <item path="Date.h" ex="false" tool="3" flavor2="0">
      </item>
      <item path="DayOfYear.cpp" ex="false" tool="1" flavor2="0">
      </item>
      <item path="DayOfYear.h" ex="false" tool="3" flavor2="0">
      </item>
      <item path="Employee.cpp" ex="false" tool="1" flavor2="0">
      </item>
      <item path="Employee.h" ex="false" tool="3" flavor2="0">
      </item>
      <item path="FeetInches.cpp" ex="false" tool="1" flavor2="0">
      </item>
      <item path="FeetInches.h" ex="false" tool="3" flavor2="0">
      </item>
      <item path="LandTract.cpp" ex="false" tool="1" flavor2="0">
      </item>
      <item path="LandTract.h" ex="false" tool="3" flavor2="0">
      </item>
      <item path="NumDays.cpp" ex="false" tool="1" flavor2="0">
      </item>
      <item path="NumDays.h" ex="false" tool="3" flavor2="0">
      </item>
      <item path="Payroll.cpp" ex="false" tool="1" flavor2="0">
      </item>
      <item path="Payroll.h" ex="false" tool="3" flavor2="0">
      </item>
      <item path="PersonalInfo.cpp" ex="false" tool="1" flavor2="0">
      </item>
      <item path="PersonalInfo.h" ex="false" tool="3" flavor2="0">
      </item>
      <item path="Widget.cpp" ex="false" tool="1" flavor2="0">
      </item>
      <item path="Widget.h" ex="false" tool="3" flavor2="0">
      </item>
      <item path="main.cpp" ex="false" tool="1" flavor2="0">
      </item>
    </conf>
    <conf name="Release" type="1">
      <toolsSet>
        <compilerSet>default</compilerSet>
        <dependencyChecking>true</dependencyChecking>
        <rebuildPropChanged>false</rebuildPropChanged>
      </toolsSet>
      <compileType>
        <cTool>
          <developmentMode>5</developmentMode>
        </cTool>
        <ccTool>
          <developmentMode>5</developmentMode>
        </ccTool>
        <fortranCompilerTool>
          <developmentMode>5</developmentMode>
        </fortranCompilerTool>
        <asmTool>
          <developmentMode>5</developmentMode>
        </asmTool>
      </compileType>
      <item path="Date.cpp" ex="false" tool="1" flavor2="0">
      </item>
      <item path="Date.h" ex="false" tool="3" flavor2="0">
      </item>
      <item path="DayOfYear.cpp" ex="false" tool="1" flavor2="0">
      </item>
      <item path="DayOfYear.h" ex="false" tool="3" flavor2="0">
      </item>
      <item path="Employee.cpp" ex="false" tool="1" flavor2="0">
      </item>
      <item path="Employee.h" ex="false" tool="3" flavor2="0">
      </item>
      <item path="FeetInches.cpp" ex="false" tool="1" flavor2="0">
      </item>
      <item path="FeetInches.h" ex="false" tool="3" flavor2="0">
      </item>
      <item path="LandTract.cpp" ex="false" tool="1" flavor2="0">
      </item>
      <item path="LandTract.h" ex="false" tool="3" flavor2="0">
      </item>
      <item path="NumDays.cpp" ex="false" tool="1" flavor2="0">
      </item>
      <item path="NumDays.h" ex="false" tool="3" flavor2="0">
      </item>
      <item path="Payroll.cpp" ex="false" tool="1" flavor2="0">
      </item>
      <item path="Payroll.h" ex="false" tool="3" flavor2="0">
      </item>
      <item path="PersonalInfo.cpp" ex="false" tool="1" flavor2="0">
      </item>
      <item path="PersonalInfo.h" ex="false" tool="3" flavor2="0">
      </item>
      <item path="Widget.cpp" ex="false" tool="1" flavor2="0">
      </item>
      <item path="Widget.h" ex="false" tool="3" flavor2="0">
      </item>
      <item path="main.cpp" ex="false" tool="1" flavor2="0">
      </item>
    </conf>
  </confs>
</configurationDescriptor>
