<?xml version="1.0" encoding="UTF-8"?>
<project-private xmlns="http://www.netbeans.org/ns/project-private/1">
    <data xmlns="http://www.netbeans.org/ns/make-project-private/1">
        <activeConfTypeElem>1</activeConfTypeElem>
        <activeConfIndexElem>0</activeConfIndexElem>
    </data>
    <editor-bookmarks xmlns="http://www.netbeans.org/ns/editor-bookmarks/2" lastBookmarkId="0"/>
    <open-files xmlns="http://www.netbeans.org/ns/projectui-open-files/2">
        <group>
            <file>file:/C:/Users/Abdul-Hakim/Desktop/GitHub/Abbas-Abdul-Hakim_CSC_17_A_48983/Hw/Assignments/Assignments_5,6,7/A5/A_5_Chapter-13_Problems/main.cpp</file>
        </group>
    </open-files>
</project-private>
